{
	"class_name" : "PinholeCameraParameters",
	"extrinsic" : 
	[
		0.28142142115482521,
		0.20030868402778151,
		-0.93844467861363945,
		0.0,
		-0.026718995602665892,
		-0.97595513131243972,
		-0.21632770728434997,
		0.0,
		-0.95921221791070987,
		0.085953550060349854,
		-0.26930263318957681,
		0.0,
		6.6959406264137034,
		-0.18034221830150643,
		13.788787808568204,
		1.0
	],
	"intrinsic" : 
	{
		"height" : 1080,
		"intrinsic_matrix" : 
		[
			935.30743608719399,
			0.0,
			0.0,
			0.0,
			935.30743608719399,
			0.0,
			959.5,
			539.5,
			1.0
		],
		"width" : 1920
	},
	"version_major" : 1,
	"version_minor" : 0
}